[
    {
        "name": "Dillon Briggs",
        "email": "mysepozewe@mailinator.com",
        "phone": "03094251787",
        "projectDetails": "Repudiandae aut saep"
    },
    {
        "name": "Tana Barrera",
        "email": "vujog@mailinator.com",
        "phone": "03094251787",
        "projectDetails": "In non aut ea neque"
    },
    {
        "name": "Kibo Mcneil",
        "email": "gobe@mailinator.com",
        "phone": "03094251787",
        "projectDetails": "Dolor et deserunt mo"
    },
    {
        "name": "Cally Shepherd",
        "email": "duke@mailinator.com",
        "phone": "03094251787",
        "projectDetails": "Rerum sunt mollit ea"
    },
    {
        "name": "Anne Pierce",
        "email": "zaza@mailinator.com",
        "phone": "03094251787",
        "projectDetails": "Aut voluptatem porr"
    }
]
