{
    "inspiring-work": [
        {
            "image": "http://127.0.0.1:8000/storage/images/inspiring-work-made-for-our-top-tiers/2.png",
            "title": "4insite web App",
            "publisher_image": "http://127.0.0.1:8000/storage/images/inspiring-work-made-for-our-top-tiers/logo-1.png",
            "publisher_name": "by Shadi Saifan"
        },
        {
            "image": "http://127.0.0.1:8000/storage/images/inspiring-work-made-for-our-top-tiers/1.png",
            "title": "newroom.io",
            "publisher_image": "http://127.0.0.1:8000/storage/images/inspiring-work-made-for-our-top-tiers/logo-2.png",
            "publisher_name": "by Jay Yap     "
        },
        {
            "image": "http://127.0.0.1:8000/storage/images/inspiring-work-made-for-our-top-tiers/3.png",
            "title": "Tootar",
            "publisher_image": "http://127.0.0.1:8000/storage/images/inspiring-work-made-for-our-top-tiers/logo-3.png",
            "publisher_name": "by Zeeshan Haider"
        },
        {
            "image": "http://127.0.0.1:8000/storage/images/inspiring-work-made-for-our-top-tiers/4.png",
            "title": "Gaper.io",
            "publisher_image": "http://127.0.0.1:8000/storage/images/inspiring-work-made-for-our-top-tiers/logo-4.png",
            "publisher_name": "by Ahmed Muzammil"
        }
    ]
}
