{
    "augmentation": [
        {
            "name": "Hiring",
            "augmentations_points": [
                "Hiring Model",
                "Evolutionary Enhancements",
                "Full time dedicated set of resources",
                "No Hidden Cost"
            ]
        },
        {
            "name": "Individual Resources",
            "augmentations_points": [
                "Dedicated Resource",
                "For Remote team augmentation",
                "Project Management handled by you",
                "No Hidden Cost"
            ]
        },
        {
            "name": "Project Outsource",
            "augmentations_points": [
                "Pre-Defined Projects",
                "Milestone Based Payment",
                "Project Management by us",
                "No Hidden Cost"
            ]
        }
    ]
}
