{
    "our-profiles": [
        {
            "image": "http://127.0.0.1:8000/storage/images/profile/1.png",
            "title": "MERN Stack Developer",
            "language": [
                "Mongodb",
                "Express Js",
                "React Js"
            ]
        },
        {
            "image": "http://127.0.0.1:8000/storage/images/profile/4.png",
            "title": "Senior Web Developer",
            "language": [
                "REACT",
                "Mongo DB",
                "Node"
            ]
        },
        {
            "image": "http://127.0.0.1:8000/storage/images/profile/3.png",
            "title": "Software Engineer",
            "language": [
                "Django ",
                "Python",
                "Flask"
            ]
        },
        {
            "image": "http://127.0.0.1:8000/storage/images/profile/6.png",
            "title": "Software Engineer",
            "language": [
                "Django ",
                "Project Manager",
                "Next.Js "
            ]
        },
        {
            "image": "http://127.0.0.1:8000/storage/images/profile/5.png",
            "title": "QA Engineer ",
            "language": [
                "JMeter ",
                "Automated Testing",
                "Selenium"
            ]
        },
        {
            "image": "http://127.0.0.1:8000/storage/images/profile/2.png",
            "title": "Sr. UI/UX Designer ",
            "language": [
                "Web Design ",
                "App Design",
                "Figma"
            ]
        }
    ]
}
