{
    "success-stories": [
        {
            "description": "I would like to take this opportunity to share my sincere appreciation and admiration for the outstanding work done by Shayan Solutions. From the very beginning, they impressed me with their expertise in Django code optimisation.",
            "name": "Trevor Stewart",
            "designation": "CEO, Dealer Inside",
            "image": "http://127.0.0.1:8000/storage/images/our-success-stories/1.png"
        },
        {
            "description": "I would like to take this opportunity to share my sincere appreciation and admiration for the outstanding work done by Shayan Solutions. From the very beginning, they impressed me with their expertise in React and Next.JS",
            "name": "Shadi Saifan",
            "designation": "VP of Engineering, SwordSW",
            "image": "http://127.0.0.1:8000/storage/images/our-success-stories/2.png"
        },
        {
            "description": "I would like to take this opportunity to share my sincere appreciation and admiration for the outstanding work done by Shayan Solutions. From the very beginning, they impressed me with their expertise in mobile app technologies.",
            "name": "Trevor Stewart",
            "designation": "CEO, Dealer Inside",
            "image": "http://127.0.0.1:8000/storage/images/our-success-stories/1.png"
        }
    ]
}
