{
    "technologies": [
        {
            "name": "Next.js",
            "image": "http://127.0.0.1:8000/storage/images/using-technology-for-better-software-solutions/next.png"
        },
        {
            "name": "VUE.js",
            "image": "http://127.0.0.1:8000/storage/images/using-technology-for-better-software-solutions/vue.png"
        },
        {
            "name": "TypeScript",
            "image": "http://127.0.0.1:8000/storage/images/using-technology-for-better-software-solutions/ts.png"
        },
        {
            "name": "Node.js",
            "image": "http://127.0.0.1:8000/storage/images/using-technology-for-better-software-solutions/node.png"
        },
        {
            "name": "AWS",
            "image": "http://127.0.0.1:8000/storage/images/using-technology-for-better-software-solutions/aws.png"
        },
        {
            "name": "Tailwind CSS",
            "image": "http://127.0.0.1:8000/storage/images/using-technology-for-better-software-solutions/tailwind.png"
        },
        {
            "name": "JavaScript",
            "image": "http://127.0.0.1:8000/storage/images/using-technology-for-better-software-solutions/js.png"
        },
        {
            "name": "Bootstrap",
            "image": "http://127.0.0.1:8000/storage/images/using-technology-for-better-software-solutions/bootstrap.png"
        },
        {
            "name": "JQuery",
            "image": "http://127.0.0.1:8000/storage/images/using-technology-for-better-software-solutions/jquery.png"
        },
        {
            "name": "TensorFlow",
            "image": "http://127.0.0.1:8000/storage/images/using-technology-for-better-software-solutions/tf.png"
        },
        {
            "name": "Flutter",
            "image": "http://127.0.0.1:8000/storage/images/using-technology-for-better-software-solutions/flutter.png"
        },
        {
            "name": "AirTable",
            "image": "http://127.0.0.1:8000/storage/images/using-technology-for-better-software-solutions/at.png"
        },
        {
            "name": "Bubble",
            "image": "http://127.0.0.1:8000/storage/images/using-technology-for-better-software-solutions/b.png"
        },
        {
            "name": "Swift",
            "image": "http://127.0.0.1:8000/storage/images/using-technology-for-better-software-solutions/swift.png"
        },
        {
            "name": "React Native",
            "image": "http://127.0.0.1:8000/storage/images/using-technology-for-better-software-solutions/react.png"
        },
        {
            "name": "Kotlin",
            "image": "http://127.0.0.1:8000/storage/images/using-technology-for-better-software-solutions/kotlin.png"
        },
        {
            "name": "Ionic",
            "image": "http://127.0.0.1:8000/storage/images/using-technology-for-better-software-solutions/ionic.png"
        },
        {
            "name": "WebFlow",
            "image": "http://127.0.0.1:8000/storage/images/using-technology-for-better-software-solutions/wf.png"
        },
        {
            "name": "JotForm",
            "image": "http://127.0.0.1:8000/storage/images/using-technology-for-better-software-solutions/jf.png"
        },
        {
            "name": "Docker",
            "image": "http://127.0.0.1:8000/storage/images/using-technology-for-better-software-solutions/docker.png"
        }
    ]
}
